"assignment_id","asset_id","asset_exists","asset_lifecycle_status","assigned_user_id","user_exists","user_lifecycle_status","department_id","assignment_status","assignment_created_at","assignment_updated_at","asset_audit_actions","user_audit_actions","classification"
"1","100","NO","NOT FOUND","2","YES","ACTIVE","","active","2026-10-03T18:29:43.000Z","2026-10-03T18:29:43.000Z","","DEACTIVATE_USER; LOGIN; LOGIN_FAILED; LOGOUT; RESET_USER_PASSWORD","UNKNOWN - REQUIRES REVIEW"
"2","101","NO","NOT FOUND","3","YES","ACTIVE","","active","2026-10-03T18:29:43.000Z","2026-10-03T18:29:43.000Z","","LOGIN; LOGIN_FAILED; LOGOUT; RESET_USER_PASSWORD","UNKNOWN - REQUIRES REVIEW"
"3","102","NO","NOT FOUND","4","YES","ACTIVE","","returned","2026-10-03T18:29:43.000Z","2026-10-03T18:29:43.000Z","","LOGIN; LOGIN_FAILED; LOGOUT; RESET_USER_PASSWORD","UNKNOWN - REQUIRES REVIEW"
"4","103","NO","NOT FOUND","2","YES","ACTIVE","","active","2026-10-03T18:29:43.000Z","2026-10-03T18:29:43.000Z","","DEACTIVATE_USER; LOGIN; LOGIN_FAILED; LOGOUT; RESET_USER_PASSWORD","UNKNOWN - REQUIRES REVIEW"
"5","104","NO","NOT FOUND","1","YES","ACTIVE","","active","2026-10-03T18:29:43.000Z","2026-10-03T18:29:43.000Z","","FORCE_PASSWORD_CHANGE; LOGIN; LOGIN_FAILED; LOGIN_SUCCESS; LOGOUT; UPDATE_USER","UNKNOWN - REQUIRES REVIEW"
"6","124","NO","NOT FOUND","2","YES","ACTIVE","","active","2026-10-03T19:25:07.000Z","2026-10-03T19:25:07.000Z","","DEACTIVATE_USER; LOGIN; LOGIN_FAILED; LOGOUT; RESET_USER_PASSWORD","UNKNOWN - REQUIRES REVIEW"
"7","125","NO","NOT FOUND","3","YES","ACTIVE","","active","2026-10-03T19:25:07.000Z","2026-10-03T19:25:07.000Z","","LOGIN; LOGIN_FAILED; LOGOUT; RESET_USER_PASSWORD","UNKNOWN - REQUIRES REVIEW"
"8","126","NO","NOT FOUND","4","YES","ACTIVE","","returned","2026-10-03T19:25:07.000Z","2026-10-03T19:25:07.000Z","","LOGIN; LOGIN_FAILED; LOGOUT; RESET_USER_PASSWORD","UNKNOWN - REQUIRES REVIEW"
"9","127","NO","NOT FOUND","2","YES","ACTIVE","","active","2026-10-03T19:25:07.000Z","2026-10-03T19:25:07.000Z","","DEACTIVATE_USER; LOGIN; LOGIN_FAILED; LOGOUT; RESET_USER_PASSWORD","UNKNOWN - REQUIRES REVIEW"
"10","128","NO","NOT FOUND","1","YES","ACTIVE","","active","2026-10-03T19:25:07.000Z","2026-10-03T19:25:07.000Z","","FORCE_PASSWORD_CHANGE; LOGIN; LOGIN_FAILED; LOGIN_SUCCESS; LOGOUT; UPDATE_USER","UNKNOWN - REQUIRES REVIEW"
"11","145","NO","NOT FOUND","2","YES","ACTIVE","","active","2026-10-03T19:42:50.000Z","2026-10-03T19:42:50.000Z","","DEACTIVATE_USER; LOGIN; LOGIN_FAILED; LOGOUT; RESET_USER_PASSWORD","UNKNOWN - REQUIRES REVIEW"
"12","146","NO","NOT FOUND","2","YES","ACTIVE","","active","2026-10-03T19:42:50.000Z","2026-10-03T19:42:50.000Z","","DEACTIVATE_USER; LOGIN; LOGIN_FAILED; LOGOUT; RESET_USER_PASSWORD","UNKNOWN - REQUIRES REVIEW"
"13","147","NO","NOT FOUND","3","YES","ACTIVE","","returned","2026-10-03T19:42:50.000Z","2026-10-03T19:42:50.000Z","","LOGIN; LOGIN_FAILED; LOGOUT; RESET_USER_PASSWORD","UNKNOWN - REQUIRES REVIEW"
"14","148","NO","NOT FOUND","2","YES","ACTIVE","","active","2026-10-03T19:42:50.000Z","2026-10-03T19:42:50.000Z","","DEACTIVATE_USER; LOGIN; LOGIN_FAILED; LOGOUT; RESET_USER_PASSWORD","UNKNOWN - REQUIRES REVIEW"
"15","149","NO","NOT FOUND","1","YES","ACTIVE","","active","2026-10-03T19:42:50.000Z","2026-10-03T19:42:50.000Z","","FORCE_PASSWORD_CHANGE; LOGIN; LOGIN_FAILED; LOGIN_SUCCESS; LOGOUT; UPDATE_USER","UNKNOWN - REQUIRES REVIEW"
"16","166","NO","NOT FOUND","2","YES","ACTIVE","","active","2026-10-03T20:02:38.000Z","2026-10-03T20:02:38.000Z","","DEACTIVATE_USER; LOGIN; LOGIN_FAILED; LOGOUT; RESET_USER_PASSWORD","UNKNOWN - REQUIRES REVIEW"
"17","167","NO","NOT FOUND","2","YES","ACTIVE","","active","2026-10-03T20:02:38.000Z","2026-10-03T20:02:38.000Z","","DEACTIVATE_USER; LOGIN; LOGIN_FAILED; LOGOUT; RESET_USER_PASSWORD","UNKNOWN - REQUIRES REVIEW"
"18","168","NO","NOT FOUND","3","YES","ACTIVE","","returned","2026-10-03T20:02:38.000Z","2026-10-03T20:02:38.000Z","","LOGIN; LOGIN_FAILED; LOGOUT; RESET_USER_PASSWORD","UNKNOWN - REQUIRES REVIEW"
"19","169","NO","NOT FOUND","2","YES","ACTIVE","","active","2026-10-03T20:02:38.000Z","2026-10-03T20:02:38.000Z","","DEACTIVATE_USER; LOGIN; LOGIN_FAILED; LOGOUT; RESET_USER_PASSWORD","UNKNOWN - REQUIRES REVIEW"
"20","170","NO","NOT FOUND","1","YES","ACTIVE","","active","2026-10-03T20:02:38.000Z","2026-10-03T20:02:38.000Z","","FORCE_PASSWORD_CHANGE; LOGIN; LOGIN_FAILED; LOGIN_SUCCESS; LOGOUT; UPDATE_USER","UNKNOWN - REQUIRES REVIEW"
"21","187","NO","NOT FOUND","2","YES","ACTIVE","","active","2026-10-03T20:23:03.000Z","2026-10-03T20:23:03.000Z","","DEACTIVATE_USER; LOGIN; LOGIN_FAILED; LOGOUT; RESET_USER_PASSWORD","UNKNOWN - REQUIRES REVIEW"
"22","188","NO","NOT FOUND","2","YES","ACTIVE","","active","2026-10-03T20:23:03.000Z","2026-10-03T20:23:03.000Z","","DEACTIVATE_USER; LOGIN; LOGIN_FAILED; LOGOUT; RESET_USER_PASSWORD","UNKNOWN - REQUIRES REVIEW"
"23","189","NO","NOT FOUND","3","YES","ACTIVE","","returned","2026-10-03T20:23:03.000Z","2026-10-03T20:23:03.000Z","","LOGIN; LOGIN_FAILED; LOGOUT; RESET_USER_PASSWORD","UNKNOWN - REQUIRES REVIEW"
"24","190","NO","NOT FOUND","2","YES","ACTIVE","","active","2026-10-03T20:23:03.000Z","2026-10-03T20:23:03.000Z","","DEACTIVATE_USER; LOGIN; LOGIN_FAILED; LOGOUT; RESET_USER_PASSWORD","UNKNOWN - REQUIRES REVIEW"
"25","191","NO","NOT FOUND","1","YES","ACTIVE","","active","2026-10-03T20:23:03.000Z","2026-10-03T20:23:03.000Z","","FORCE_PASSWORD_CHANGE; LOGIN; LOGIN_FAILED; LOGIN_SUCCESS; LOGOUT; UPDATE_USER","UNKNOWN - REQUIRES REVIEW"
"26","208","NO","NOT FOUND","2","YES","ACTIVE","","active","2026-10-03T20:24:49.000Z","2026-10-03T20:24:49.000Z","","DEACTIVATE_USER; LOGIN; LOGIN_FAILED; LOGOUT; RESET_USER_PASSWORD","UNKNOWN - REQUIRES REVIEW"
"27","209","NO","NOT FOUND","2","YES","ACTIVE","","active","2026-10-03T20:24:49.000Z","2026-10-03T20:24:49.000Z","","DEACTIVATE_USER; LOGIN; LOGIN_FAILED; LOGOUT; RESET_USER_PASSWORD","UNKNOWN - REQUIRES REVIEW"
"28","210","NO","NOT FOUND","3","YES","ACTIVE","","returned","2026-10-03T20:24:49.000Z","2026-10-03T20:24:49.000Z","","LOGIN; LOGIN_FAILED; LOGOUT; RESET_USER_PASSWORD","UNKNOWN - REQUIRES REVIEW"
"29","211","NO","NOT FOUND","2","YES","ACTIVE","","active","2026-10-03T20:24:49.000Z","2026-10-03T20:24:49.000Z","","DEACTIVATE_USER; LOGIN; LOGIN_FAILED; LOGOUT; RESET_USER_PASSWORD","UNKNOWN - REQUIRES REVIEW"
"30","212","NO","NOT FOUND","1","YES","ACTIVE","","active","2026-10-03T20:24:49.000Z","2026-10-03T20:24:49.000Z","","FORCE_PASSWORD_CHANGE; LOGIN; LOGIN_FAILED; LOGIN_SUCCESS; LOGOUT; UPDATE_USER","UNKNOWN - REQUIRES REVIEW"
"31","229","NO","NOT FOUND","2","YES","ACTIVE","","active","2026-10-03T20:30:59.000Z","2026-10-03T20:30:59.000Z","DELETE_ASSET","DEACTIVATE_USER; LOGIN; LOGIN_FAILED; LOGOUT; RESET_USER_PASSWORD","UNKNOWN - REQUIRES REVIEW"
"32","230","NO","NOT FOUND","2","YES","ACTIVE","","active","2026-10-03T20:30:59.000Z","2026-10-03T20:30:59.000Z","","DEACTIVATE_USER; LOGIN; LOGIN_FAILED; LOGOUT; RESET_USER_PASSWORD","UNKNOWN - REQUIRES REVIEW"
"33","231","NO","NOT FOUND","3","YES","ACTIVE","","returned","2026-10-03T20:30:59.000Z","2026-10-03T20:30:59.000Z","DELETE_ASSET","LOGIN; LOGIN_FAILED; LOGOUT; RESET_USER_PASSWORD","UNKNOWN - REQUIRES REVIEW"
"34","232","NO","NOT FOUND","2","YES","ACTIVE","","active","2026-10-03T20:30:59.000Z","2026-10-03T20:30:59.000Z","","DEACTIVATE_USER; LOGIN; LOGIN_FAILED; LOGOUT; RESET_USER_PASSWORD","UNKNOWN - REQUIRES REVIEW"
"35","233","NO","NOT FOUND","1","YES","ACTIVE","","active","2026-10-03T20:30:59.000Z","2026-10-03T20:30:59.000Z","","FORCE_PASSWORD_CHANGE; LOGIN; LOGIN_FAILED; LOGIN_SUCCESS; LOGOUT; UPDATE_USER","UNKNOWN - REQUIRES REVIEW"
"36","250","NO","NOT FOUND","2","YES","ACTIVE","","active","2026-10-04T12:02:10.000Z","2026-10-04T12:02:10.000Z","","DEACTIVATE_USER; LOGIN; LOGIN_FAILED; LOGOUT; RESET_USER_PASSWORD","UNKNOWN - REQUIRES REVIEW"
"37","251","NO","NOT FOUND","2","YES","ACTIVE","","active","2026-10-04T12:02:10.000Z","2026-10-04T12:02:10.000Z","","DEACTIVATE_USER; LOGIN; LOGIN_FAILED; LOGOUT; RESET_USER_PASSWORD","UNKNOWN - REQUIRES REVIEW"
"38","252","NO","NOT FOUND","3","YES","ACTIVE","","returned","2026-10-04T12:02:10.000Z","2026-10-04T12:02:10.000Z","","LOGIN; LOGIN_FAILED; LOGOUT; RESET_USER_PASSWORD","UNKNOWN - REQUIRES REVIEW"
"39","253","NO","NOT FOUND","2","YES","ACTIVE","","active","2026-10-04T12:02:10.000Z","2026-10-04T12:02:10.000Z","","DEACTIVATE_USER; LOGIN; LOGIN_FAILED; LOGOUT; RESET_USER_PASSWORD","UNKNOWN - REQUIRES REVIEW"
"40","254","NO","NOT FOUND","1","YES","ACTIVE","","active","2026-10-04T12:02:10.000Z","2026-10-04T12:02:10.000Z","","FORCE_PASSWORD_CHANGE; LOGIN; LOGIN_FAILED; LOGIN_SUCCESS; LOGOUT; UPDATE_USER","UNKNOWN - REQUIRES REVIEW"
"41","271","NO","NOT FOUND","2","YES","ACTIVE","","active","2026-10-04T13:01:01.000Z","2026-10-04T13:01:01.000Z","","DEACTIVATE_USER; LOGIN; LOGIN_FAILED; LOGOUT; RESET_USER_PASSWORD","UNKNOWN - REQUIRES REVIEW"
"42","272","NO","NOT FOUND","2","YES","ACTIVE","","active","2026-10-04T13:01:01.000Z","2026-10-04T13:01:01.000Z","","DEACTIVATE_USER; LOGIN; LOGIN_FAILED; LOGOUT; RESET_USER_PASSWORD","UNKNOWN - REQUIRES REVIEW"
"43","273","NO","NOT FOUND","3","YES","ACTIVE","","returned","2026-10-04T13:01:01.000Z","2026-10-04T13:01:01.000Z","","LOGIN; LOGIN_FAILED; LOGOUT; RESET_USER_PASSWORD","UNKNOWN - REQUIRES REVIEW"
"44","274","NO","NOT FOUND","2","YES","ACTIVE","","active","2026-10-04T13:01:01.000Z","2026-10-04T13:01:01.000Z","","DEACTIVATE_USER; LOGIN; LOGIN_FAILED; LOGOUT; RESET_USER_PASSWORD","UNKNOWN - REQUIRES REVIEW"
"45","275","NO","NOT FOUND","1","YES","ACTIVE","","active","2026-10-04T13:01:01.000Z","2026-10-04T13:01:01.000Z","","FORCE_PASSWORD_CHANGE; LOGIN; LOGIN_FAILED; LOGIN_SUCCESS; LOGOUT; UPDATE_USER","UNKNOWN - REQUIRES REVIEW"
"46","292","NO","NOT FOUND","2","YES","ACTIVE","","active","2026-10-04T13:02:00.000Z","2026-10-04T13:02:00.000Z","","DEACTIVATE_USER; LOGIN; LOGIN_FAILED; LOGOUT; RESET_USER_PASSWORD","UNKNOWN - REQUIRES REVIEW"
"47","293","NO","NOT FOUND","2","YES","ACTIVE","","active","2026-10-04T13:02:00.000Z","2026-10-04T13:02:00.000Z","","DEACTIVATE_USER; LOGIN; LOGIN_FAILED; LOGOUT; RESET_USER_PASSWORD","UNKNOWN - REQUIRES REVIEW"
"48","294","NO","NOT FOUND","3","YES","ACTIVE","","returned","2026-10-04T13:02:00.000Z","2026-10-04T13:02:00.000Z","","LOGIN; LOGIN_FAILED; LOGOUT; RESET_USER_PASSWORD","UNKNOWN - REQUIRES REVIEW"
"49","295","NO","NOT FOUND","2","YES","ACTIVE","","active","2026-10-04T13:02:00.000Z","2026-10-04T13:02:00.000Z","","DEACTIVATE_USER; LOGIN; LOGIN_FAILED; LOGOUT; RESET_USER_PASSWORD","UNKNOWN - REQUIRES REVIEW"
"50","296","NO","NOT FOUND","1","YES","ACTIVE","","active","2026-10-04T13:02:00.000Z","2026-10-04T13:02:00.000Z","","FORCE_PASSWORD_CHANGE; LOGIN; LOGIN_FAILED; LOGIN_SUCCESS; LOGOUT; UPDATE_USER","UNKNOWN - REQUIRES REVIEW"
"51","313","NO","NOT FOUND","2","YES","ACTIVE","","active","2026-10-04T13:02:59.000Z","2026-10-04T13:02:59.000Z","","DEACTIVATE_USER; LOGIN; LOGIN_FAILED; LOGOUT; RESET_USER_PASSWORD","UNKNOWN - REQUIRES REVIEW"
"52","314","NO","NOT FOUND","2","YES","ACTIVE","","active","2026-10-04T13:02:59.000Z","2026-10-04T13:02:59.000Z","","DEACTIVATE_USER; LOGIN; LOGIN_FAILED; LOGOUT; RESET_USER_PASSWORD","UNKNOWN - REQUIRES REVIEW"
"53","315","NO","NOT FOUND","3","YES","ACTIVE","","returned","2026-10-04T13:02:59.000Z","2026-10-04T13:02:59.000Z","","LOGIN; LOGIN_FAILED; LOGOUT; RESET_USER_PASSWORD","UNKNOWN - REQUIRES REVIEW"
"54","316","NO","NOT FOUND","2","YES","ACTIVE","","active","2026-10-04T13:02:59.000Z","2026-10-04T13:02:59.000Z","","DEACTIVATE_USER; LOGIN; LOGIN_FAILED; LOGOUT; RESET_USER_PASSWORD","UNKNOWN - REQUIRES REVIEW"
"55","317","NO","NOT FOUND","1","YES","ACTIVE","","active","2026-10-04T13:02:59.000Z","2026-10-04T13:02:59.000Z","","FORCE_PASSWORD_CHANGE; LOGIN; LOGIN_FAILED; LOGIN_SUCCESS; LOGOUT; UPDATE_USER","UNKNOWN - REQUIRES REVIEW"
"56","334","NO","NOT FOUND","2","YES","ACTIVE","","active","2026-10-04T13:15:37.000Z","2026-10-04T13:15:37.000Z","","DEACTIVATE_USER; LOGIN; LOGIN_FAILED; LOGOUT; RESET_USER_PASSWORD","UNKNOWN - REQUIRES REVIEW"
"57","335","NO","NOT FOUND","2","YES","ACTIVE","","active","2026-10-04T13:15:37.000Z","2026-10-04T13:15:37.000Z","","DEACTIVATE_USER; LOGIN; LOGIN_FAILED; LOGOUT; RESET_USER_PASSWORD","UNKNOWN - REQUIRES REVIEW"
"58","336","NO","NOT FOUND","3","YES","ACTIVE","","returned","2026-10-04T13:15:37.000Z","2026-10-04T13:15:37.000Z","","LOGIN; LOGIN_FAILED; LOGOUT; RESET_USER_PASSWORD","UNKNOWN - REQUIRES REVIEW"
"59","337","NO","NOT FOUND","2","YES","ACTIVE","","active","2026-10-04T13:15:37.000Z","2026-10-04T13:15:37.000Z","","DEACTIVATE_USER; LOGIN; LOGIN_FAILED; LOGOUT; RESET_USER_PASSWORD","UNKNOWN - REQUIRES REVIEW"
"60","338","NO","NOT FOUND","1","YES","ACTIVE","","active","2026-10-04T13:15:37.000Z","2026-10-04T13:15:37.000Z","","FORCE_PASSWORD_CHANGE; LOGIN; LOGIN_FAILED; LOGIN_SUCCESS; LOGOUT; UPDATE_USER","UNKNOWN - REQUIRES REVIEW"
"61","355","NO","NOT FOUND","2","YES","ACTIVE","","active","2026-10-04T15:40:58.000Z","2026-10-04T15:40:58.000Z","","DEACTIVATE_USER; LOGIN; LOGIN_FAILED; LOGOUT; RESET_USER_PASSWORD","UNKNOWN - REQUIRES REVIEW"
"62","356","NO","NOT FOUND","2","YES","ACTIVE","","active","2026-10-04T15:40:58.000Z","2026-10-04T15:40:58.000Z","","DEACTIVATE_USER; LOGIN; LOGIN_FAILED; LOGOUT; RESET_USER_PASSWORD","UNKNOWN - REQUIRES REVIEW"
"63","357","NO","NOT FOUND","3","YES","ACTIVE","","returned","2026-10-04T15:40:58.000Z","2026-10-04T15:40:58.000Z","","LOGIN; LOGIN_FAILED; LOGOUT; RESET_USER_PASSWORD","UNKNOWN - REQUIRES REVIEW"
"64","358","NO","NOT FOUND","2","YES","ACTIVE","","active","2026-10-04T15:40:58.000Z","2026-10-04T15:40:58.000Z","","DEACTIVATE_USER; LOGIN; LOGIN_FAILED; LOGOUT; RESET_USER_PASSWORD","UNKNOWN - REQUIRES REVIEW"
"65","359","NO","NOT FOUND","1","YES","ACTIVE","","active","2026-10-04T15:40:58.000Z","2026-10-04T15:40:58.000Z","","FORCE_PASSWORD_CHANGE; LOGIN; LOGIN_FAILED; LOGIN_SUCCESS; LOGOUT; UPDATE_USER","UNKNOWN - REQUIRES REVIEW"
"66","376","NO","NOT FOUND","2","YES","ACTIVE","","active","2026-10-04T15:47:19.000Z","2026-10-04T15:47:19.000Z","","DEACTIVATE_USER; LOGIN; LOGIN_FAILED; LOGOUT; RESET_USER_PASSWORD","UNKNOWN - REQUIRES REVIEW"
"67","377","NO","NOT FOUND","2","YES","ACTIVE","","active","2026-10-04T15:47:19.000Z","2026-10-04T15:47:19.000Z","","DEACTIVATE_USER; LOGIN; LOGIN_FAILED; LOGOUT; RESET_USER_PASSWORD","UNKNOWN - REQUIRES REVIEW"
"68","378","NO","NOT FOUND","3","YES","ACTIVE","","returned","2026-10-04T15:47:19.000Z","2026-10-04T15:47:19.000Z","","LOGIN; LOGIN_FAILED; LOGOUT; RESET_USER_PASSWORD","UNKNOWN - REQUIRES REVIEW"
"69","379","NO","NOT FOUND","2","YES","ACTIVE","","active","2026-10-04T15:47:19.000Z","2026-10-04T15:47:19.000Z","","DEACTIVATE_USER; LOGIN; LOGIN_FAILED; LOGOUT; RESET_USER_PASSWORD","UNKNOWN - REQUIRES REVIEW"
"70","380","NO","NOT FOUND","1","YES","ACTIVE","","active","2026-10-04T15:47:19.000Z","2026-10-04T15:47:19.000Z","","FORCE_PASSWORD_CHANGE; LOGIN; LOGIN_FAILED; LOGIN_SUCCESS; LOGOUT; UPDATE_USER","UNKNOWN - REQUIRES REVIEW"
"71","397","NO","NOT FOUND","2","YES","ACTIVE","","active","2026-10-04T15:58:12.000Z","2026-10-04T15:58:12.000Z","","DEACTIVATE_USER; LOGIN; LOGIN_FAILED; LOGOUT; RESET_USER_PASSWORD","UNKNOWN - REQUIRES REVIEW"
"72","398","NO","NOT FOUND","2","YES","ACTIVE","","active","2026-10-04T15:58:12.000Z","2026-10-04T15:58:12.000Z","","DEACTIVATE_USER; LOGIN; LOGIN_FAILED; LOGOUT; RESET_USER_PASSWORD","UNKNOWN - REQUIRES REVIEW"
"73","399","NO","NOT FOUND","3","YES","ACTIVE","","returned","2026-10-04T15:58:12.000Z","2026-10-04T15:58:12.000Z","","LOGIN; LOGIN_FAILED; LOGOUT; RESET_USER_PASSWORD","UNKNOWN - REQUIRES REVIEW"
"74","400","NO","NOT FOUND","2","YES","ACTIVE","","active","2026-10-04T15:58:12.000Z","2026-10-04T15:58:12.000Z","","DEACTIVATE_USER; LOGIN; LOGIN_FAILED; LOGOUT; RESET_USER_PASSWORD","UNKNOWN - REQUIRES REVIEW"
"75","401","NO","NOT FOUND","1","YES","ACTIVE","","active","2026-10-04T15:58:12.000Z","2026-10-04T15:58:12.000Z","","FORCE_PASSWORD_CHANGE; LOGIN; LOGIN_FAILED; LOGIN_SUCCESS; LOGOUT; UPDATE_USER","UNKNOWN - REQUIRES REVIEW"
"76","419","NO","NOT FOUND","2","YES","ACTIVE","","active","2026-10-04T16:39:34.000Z","2026-10-04T16:39:34.000Z","","DEACTIVATE_USER; LOGIN; LOGIN_FAILED; LOGOUT; RESET_USER_PASSWORD","UNKNOWN - REQUIRES REVIEW"
"77","419","NO","NOT FOUND","2","YES","ACTIVE","","active","2026-10-04T16:39:34.000Z","2026-10-04T16:39:34.000Z","","DEACTIVATE_USER; LOGIN; LOGIN_FAILED; LOGOUT; RESET_USER_PASSWORD","UNKNOWN - REQUIRES REVIEW"
"78","420","NO","NOT FOUND","2","YES","ACTIVE","","active","2026-10-04T16:39:34.000Z","2026-10-04T16:39:34.000Z","","DEACTIVATE_USER; LOGIN; LOGIN_FAILED; LOGOUT; RESET_USER_PASSWORD","UNKNOWN - REQUIRES REVIEW"
"79","420","NO","NOT FOUND","2","YES","ACTIVE","","active","2026-10-04T16:39:34.000Z","2026-10-04T16:39:34.000Z","","DEACTIVATE_USER; LOGIN; LOGIN_FAILED; LOGOUT; RESET_USER_PASSWORD","UNKNOWN - REQUIRES REVIEW"
"80","421","NO","NOT FOUND","3","YES","ACTIVE","","returned","2026-10-04T16:39:34.000Z","2026-10-04T16:39:34.000Z","","LOGIN; LOGIN_FAILED; LOGOUT; RESET_USER_PASSWORD","UNKNOWN - REQUIRES REVIEW"
"81","421","NO","NOT FOUND","3","YES","ACTIVE","","returned","2026-10-04T16:39:34.000Z","2026-10-04T16:39:34.000Z","","LOGIN; LOGIN_FAILED; LOGOUT; RESET_USER_PASSWORD","UNKNOWN - REQUIRES REVIEW"
"82","422","NO","NOT FOUND","2","YES","ACTIVE","","active","2026-10-04T16:39:34.000Z","2026-10-04T16:39:34.000Z","","DEACTIVATE_USER; LOGIN; LOGIN_FAILED; LOGOUT; RESET_USER_PASSWORD","UNKNOWN - REQUIRES REVIEW"
"83","422","NO","NOT FOUND","2","YES","ACTIVE","","active","2026-10-04T16:39:34.000Z","2026-10-04T16:39:34.000Z","","DEACTIVATE_USER; LOGIN; LOGIN_FAILED; LOGOUT; RESET_USER_PASSWORD","UNKNOWN - REQUIRES REVIEW"
"84","423","NO","NOT FOUND","1","YES","ACTIVE","","active","2026-10-04T16:39:34.000Z","2026-10-04T16:39:34.000Z","","FORCE_PASSWORD_CHANGE; LOGIN; LOGIN_FAILED; LOGIN_SUCCESS; LOGOUT; UPDATE_USER","UNKNOWN - REQUIRES REVIEW"
"85","423","NO","NOT FOUND","1","YES","ACTIVE","","active","2026-10-04T16:39:34.000Z","2026-10-04T16:39:34.000Z","","FORCE_PASSWORD_CHANGE; LOGIN; LOGIN_FAILED; LOGIN_SUCCESS; LOGOUT; UPDATE_USER","UNKNOWN - REQUIRES REVIEW"
"86","444","NO","NOT FOUND","2","YES","ACTIVE","","active","2026-10-04T16:40:03.000Z","2026-10-04T16:40:03.000Z","","DEACTIVATE_USER; LOGIN; LOGIN_FAILED; LOGOUT; RESET_USER_PASSWORD","UNKNOWN - REQUIRES REVIEW"
"87","445","NO","NOT FOUND","2","YES","ACTIVE","","active","2026-10-04T16:40:03.000Z","2026-10-04T16:40:03.000Z","","DEACTIVATE_USER; LOGIN; LOGIN_FAILED; LOGOUT; RESET_USER_PASSWORD","UNKNOWN - REQUIRES REVIEW"
"88","446","NO","NOT FOUND","3","YES","ACTIVE","","returned","2026-10-04T16:40:03.000Z","2026-10-04T16:40:03.000Z","","LOGIN; LOGIN_FAILED; LOGOUT; RESET_USER_PASSWORD","UNKNOWN - REQUIRES REVIEW"
"89","447","NO","NOT FOUND","2","YES","ACTIVE","","active","2026-10-04T16:40:03.000Z","2026-10-04T16:40:03.000Z","","DEACTIVATE_USER; LOGIN; LOGIN_FAILED; LOGOUT; RESET_USER_PASSWORD","UNKNOWN - REQUIRES REVIEW"
"90","448","NO","NOT FOUND","1","YES","ACTIVE","","active","2026-10-04T16:40:03.000Z","2026-10-04T16:40:03.000Z","","FORCE_PASSWORD_CHANGE; LOGIN; LOGIN_FAILED; LOGIN_SUCCESS; LOGOUT; UPDATE_USER","UNKNOWN - REQUIRES REVIEW"
"93","467","NO","NOT FOUND","2","YES","ACTIVE","","active","2026-10-04T16:52:43.000Z","2026-10-04T16:52:43.000Z","","DEACTIVATE_USER; LOGIN; LOGIN_FAILED; LOGOUT; RESET_USER_PASSWORD","UNKNOWN - REQUIRES REVIEW"
"94","468","NO","NOT FOUND","2","YES","ACTIVE","","active","2026-10-04T16:52:43.000Z","2026-10-04T16:52:43.000Z","","DEACTIVATE_USER; LOGIN; LOGIN_FAILED; LOGOUT; RESET_USER_PASSWORD","UNKNOWN - REQUIRES REVIEW"
"95","469","NO","NOT FOUND","3","YES","ACTIVE","","returned","2026-10-04T16:52:43.000Z","2026-10-04T16:52:43.000Z","","LOGIN; LOGIN_FAILED; LOGOUT; RESET_USER_PASSWORD","UNKNOWN - REQUIRES REVIEW"
"96","470","NO","NOT FOUND","2","YES","ACTIVE","","active","2026-10-04T16:52:43.000Z","2026-10-04T16:52:43.000Z","","DEACTIVATE_USER; LOGIN; LOGIN_FAILED; LOGOUT; RESET_USER_PASSWORD","UNKNOWN - REQUIRES REVIEW"
"97","471","NO","NOT FOUND","1","YES","ACTIVE","","active","2026-10-04T16:52:43.000Z","2026-10-04T16:52:43.000Z","","FORCE_PASSWORD_CHANGE; LOGIN; LOGIN_FAILED; LOGIN_SUCCESS; LOGOUT; UPDATE_USER","UNKNOWN - REQUIRES REVIEW"
"98","488","NO","NOT FOUND","2","YES","ACTIVE","","active","2026-10-04T16:58:23.000Z","2026-10-04T16:58:23.000Z","","DEACTIVATE_USER; LOGIN; LOGIN_FAILED; LOGOUT; RESET_USER_PASSWORD","UNKNOWN - REQUIRES REVIEW"
"99","489","NO","NOT FOUND","2","YES","ACTIVE","","active","2026-10-04T16:58:23.000Z","2026-10-04T16:58:23.000Z","","DEACTIVATE_USER; LOGIN; LOGIN_FAILED; LOGOUT; RESET_USER_PASSWORD","UNKNOWN - REQUIRES REVIEW"
"100","490","NO","NOT FOUND","3","YES","ACTIVE","","returned","2026-10-04T16:58:23.000Z","2026-10-04T16:58:23.000Z","","LOGIN; LOGIN_FAILED; LOGOUT; RESET_USER_PASSWORD","UNKNOWN - REQUIRES REVIEW"
"101","491","NO","NOT FOUND","2","YES","ACTIVE","","active","2026-10-04T16:58:23.000Z","2026-10-04T16:58:23.000Z","","DEACTIVATE_USER; LOGIN; LOGIN_FAILED; LOGOUT; RESET_USER_PASSWORD","UNKNOWN - REQUIRES REVIEW"
"102","492","NO","NOT FOUND","1","YES","ACTIVE","","active","2026-10-04T16:58:23.000Z","2026-10-04T16:58:23.000Z","","FORCE_PASSWORD_CHANGE; LOGIN; LOGIN_FAILED; LOGIN_SUCCESS; LOGOUT; UPDATE_USER","UNKNOWN - REQUIRES REVIEW"
"103","509","NO","NOT FOUND","2","YES","ACTIVE","","active","2026-10-04T16:59:53.000Z","2026-10-04T16:59:53.000Z","","DEACTIVATE_USER; LOGIN; LOGIN_FAILED; LOGOUT; RESET_USER_PASSWORD","UNKNOWN - REQUIRES REVIEW"
"104","510","NO","NOT FOUND","2","YES","ACTIVE","","active","2026-10-04T16:59:53.000Z","2026-10-04T16:59:53.000Z","","DEACTIVATE_USER; LOGIN; LOGIN_FAILED; LOGOUT; RESET_USER_PASSWORD","UNKNOWN - REQUIRES REVIEW"
"105","511","NO","NOT FOUND","3","YES","ACTIVE","","returned","2026-10-04T16:59:53.000Z","2026-10-04T16:59:53.000Z","","LOGIN; LOGIN_FAILED; LOGOUT; RESET_USER_PASSWORD","UNKNOWN - REQUIRES REVIEW"
"106","512","NO","NOT FOUND","2","YES","ACTIVE","","active","2026-10-04T16:59:53.000Z","2026-10-04T16:59:53.000Z","","DEACTIVATE_USER; LOGIN; LOGIN_FAILED; LOGOUT; RESET_USER_PASSWORD","UNKNOWN - REQUIRES REVIEW"
"107","513","NO","NOT FOUND","1","YES","ACTIVE","","active","2026-10-04T16:59:53.000Z","2026-10-04T16:59:53.000Z","","FORCE_PASSWORD_CHANGE; LOGIN; LOGIN_FAILED; LOGIN_SUCCESS; LOGOUT; UPDATE_USER","UNKNOWN - REQUIRES REVIEW"
"108","530","NO","NOT FOUND","2","YES","ACTIVE","","active","2026-10-04T17:00:17.000Z","2026-10-04T17:00:17.000Z","","DEACTIVATE_USER; LOGIN; LOGIN_FAILED; LOGOUT; RESET_USER_PASSWORD","UNKNOWN - REQUIRES REVIEW"
"109","531","NO","NOT FOUND","2","YES","ACTIVE","","active","2026-10-04T17:00:17.000Z","2026-10-04T17:00:17.000Z","","DEACTIVATE_USER; LOGIN; LOGIN_FAILED; LOGOUT; RESET_USER_PASSWORD","UNKNOWN - REQUIRES REVIEW"
"110","532","NO","NOT FOUND","3","YES","ACTIVE","","returned","2026-10-04T17:00:17.000Z","2026-10-04T17:00:17.000Z","","LOGIN; LOGIN_FAILED; LOGOUT; RESET_USER_PASSWORD","UNKNOWN - REQUIRES REVIEW"
"111","533","NO","NOT FOUND","2","YES","ACTIVE","","active","2026-10-04T17:00:17.000Z","2026-10-04T17:00:17.000Z","","DEACTIVATE_USER; LOGIN; LOGIN_FAILED; LOGOUT; RESET_USER_PASSWORD","UNKNOWN - REQUIRES REVIEW"
"112","534","NO","NOT FOUND","1","YES","ACTIVE","","active","2026-10-04T17:00:17.000Z","2026-10-04T17:00:17.000Z","","FORCE_PASSWORD_CHANGE; LOGIN; LOGIN_FAILED; LOGIN_SUCCESS; LOGOUT; UPDATE_USER","UNKNOWN - REQUIRES REVIEW"
"113","551","NO","NOT FOUND","2","YES","ACTIVE","","active","2026-10-04T17:39:17.000Z","2026-10-04T17:39:17.000Z","","DEACTIVATE_USER; LOGIN; LOGIN_FAILED; LOGOUT; RESET_USER_PASSWORD","UNKNOWN - REQUIRES REVIEW"
"114","552","NO","NOT FOUND","2","YES","ACTIVE","","active","2026-10-04T17:39:17.000Z","2026-10-04T17:39:17.000Z","","DEACTIVATE_USER; LOGIN; LOGIN_FAILED; LOGOUT; RESET_USER_PASSWORD","UNKNOWN - REQUIRES REVIEW"
"115","553","NO","NOT FOUND","3","YES","ACTIVE","","returned","2026-10-04T17:39:17.000Z","2026-10-04T17:39:17.000Z","","LOGIN; LOGIN_FAILED; LOGOUT; RESET_USER_PASSWORD","UNKNOWN - REQUIRES REVIEW"
"116","554","NO","NOT FOUND","2","YES","ACTIVE","","active","2026-10-04T17:39:17.000Z","2026-10-04T17:39:17.000Z","","DEACTIVATE_USER; LOGIN; LOGIN_FAILED; LOGOUT; RESET_USER_PASSWORD","UNKNOWN - REQUIRES REVIEW"
"117","555","NO","NOT FOUND","1","YES","ACTIVE","","active","2026-10-04T17:39:17.000Z","2026-10-04T17:39:17.000Z","","FORCE_PASSWORD_CHANGE; LOGIN; LOGIN_FAILED; LOGIN_SUCCESS; LOGOUT; UPDATE_USER","UNKNOWN - REQUIRES REVIEW"
"118","572","NO","NOT FOUND","2","YES","ACTIVE","","active","2026-10-04T18:10:01.000Z","2026-10-04T18:10:01.000Z","","DEACTIVATE_USER; LOGIN; LOGIN_FAILED; LOGOUT; RESET_USER_PASSWORD","UNKNOWN - REQUIRES REVIEW"
"119","573","NO","NOT FOUND","2","YES","ACTIVE","","active","2026-10-04T18:10:01.000Z","2026-10-04T18:10:01.000Z","","DEACTIVATE_USER; LOGIN; LOGIN_FAILED; LOGOUT; RESET_USER_PASSWORD","UNKNOWN - REQUIRES REVIEW"
"120","574","NO","NOT FOUND","3","YES","ACTIVE","","returned","2026-10-04T18:10:01.000Z","2026-10-04T18:10:01.000Z","","LOGIN; LOGIN_FAILED; LOGOUT; RESET_USER_PASSWORD","UNKNOWN - REQUIRES REVIEW"
"121","575","NO","NOT FOUND","2","YES","ACTIVE","","active","2026-10-04T18:10:01.000Z","2026-10-04T18:10:01.000Z","","DEACTIVATE_USER; LOGIN; LOGIN_FAILED; LOGOUT; RESET_USER_PASSWORD","UNKNOWN - REQUIRES REVIEW"
"122","576","NO","NOT FOUND","1","YES","ACTIVE","","active","2026-10-04T18:10:01.000Z","2026-10-04T18:10:01.000Z","","FORCE_PASSWORD_CHANGE; LOGIN; LOGIN_FAILED; LOGIN_SUCCESS; LOGOUT; UPDATE_USER","UNKNOWN - REQUIRES REVIEW"
"123","595","NO","NOT FOUND","2","YES","ACTIVE","","active","2026-10-05T07:25:50.000Z","2026-10-05T07:25:50.000Z","","DEACTIVATE_USER; LOGIN; LOGIN_FAILED; LOGOUT; RESET_USER_PASSWORD","UNKNOWN - REQUIRES REVIEW"
"124","596","NO","NOT FOUND","2","YES","ACTIVE","","active","2026-10-05T07:25:50.000Z","2026-10-05T07:25:50.000Z","","DEACTIVATE_USER; LOGIN; LOGIN_FAILED; LOGOUT; RESET_USER_PASSWORD","UNKNOWN - REQUIRES REVIEW"
"125","597","NO","NOT FOUND","3","YES","ACTIVE","","returned","2026-10-05T07:25:50.000Z","2026-10-05T07:25:50.000Z","","LOGIN; LOGIN_FAILED; LOGOUT; RESET_USER_PASSWORD","UNKNOWN - REQUIRES REVIEW"
"126","598","NO","NOT FOUND","2","YES","ACTIVE","","active","2026-10-05T07:25:50.000Z","2026-10-05T07:25:50.000Z","","DEACTIVATE_USER; LOGIN; LOGIN_FAILED; LOGOUT; RESET_USER_PASSWORD","UNKNOWN - REQUIRES REVIEW"
"127","599","NO","NOT FOUND","1","YES","ACTIVE","","active","2026-10-05T07:25:50.000Z","2026-10-05T07:25:50.000Z","","FORCE_PASSWORD_CHANGE; LOGIN; LOGIN_FAILED; LOGIN_SUCCESS; LOGOUT; UPDATE_USER","UNKNOWN - REQUIRES REVIEW"
"128","616","NO","NOT FOUND","2","YES","ACTIVE","","active","2026-10-05T07:35:45.000Z","2026-10-05T07:35:45.000Z","","DEACTIVATE_USER; LOGIN; LOGIN_FAILED; LOGOUT; RESET_USER_PASSWORD","UNKNOWN - REQUIRES REVIEW"
"129","617","NO","NOT FOUND","2","YES","ACTIVE","","active","2026-10-05T07:35:45.000Z","2026-10-05T07:35:45.000Z","","DEACTIVATE_USER; LOGIN; LOGIN_FAILED; LOGOUT; RESET_USER_PASSWORD","UNKNOWN - REQUIRES REVIEW"
"130","618","NO","NOT FOUND","3","YES","ACTIVE","","returned","2026-10-05T07:35:45.000Z","2026-10-05T07:35:45.000Z","","LOGIN; LOGIN_FAILED; LOGOUT; RESET_USER_PASSWORD","UNKNOWN - REQUIRES REVIEW"
"131","619","NO","NOT FOUND","2","YES","ACTIVE","","active","2026-10-05T07:35:45.000Z","2026-10-05T07:35:45.000Z","","DEACTIVATE_USER; LOGIN; LOGIN_FAILED; LOGOUT; RESET_USER_PASSWORD","UNKNOWN - REQUIRES REVIEW"
"132","620","NO","NOT FOUND","1","YES","ACTIVE","","active","2026-10-05T07:35:45.000Z","2026-10-05T07:35:45.000Z","","FORCE_PASSWORD_CHANGE; LOGIN; LOGIN_FAILED; LOGIN_SUCCESS; LOGOUT; UPDATE_USER","UNKNOWN - REQUIRES REVIEW"
"133","637","NO","NOT FOUND","2","YES","ACTIVE","","active","2026-10-05T07:37:26.000Z","2026-10-05T07:37:26.000Z","","DEACTIVATE_USER; LOGIN; LOGIN_FAILED; LOGOUT; RESET_USER_PASSWORD","UNKNOWN - REQUIRES REVIEW"
"134","638","NO","NOT FOUND","2","YES","ACTIVE","","active","2026-10-05T07:37:26.000Z","2026-10-05T07:37:26.000Z","","DEACTIVATE_USER; LOGIN; LOGIN_FAILED; LOGOUT; RESET_USER_PASSWORD","UNKNOWN - REQUIRES REVIEW"
"135","639","NO","NOT FOUND","3","YES","ACTIVE","","returned","2026-10-05T07:37:26.000Z","2026-10-05T07:37:26.000Z","","LOGIN; LOGIN_FAILED; LOGOUT; RESET_USER_PASSWORD","UNKNOWN - REQUIRES REVIEW"
"136","640","NO","NOT FOUND","2","YES","ACTIVE","","active","2026-10-05T07:37:26.000Z","2026-10-05T07:37:26.000Z","","DEACTIVATE_USER; LOGIN; LOGIN_FAILED; LOGOUT; RESET_USER_PASSWORD","UNKNOWN - REQUIRES REVIEW"
"137","641","NO","NOT FOUND","1","YES","ACTIVE","","active","2026-10-05T07:37:26.000Z","2026-10-05T07:37:26.000Z","","FORCE_PASSWORD_CHANGE; LOGIN; LOGIN_FAILED; LOGIN_SUCCESS; LOGOUT; UPDATE_USER","UNKNOWN - REQUIRES REVIEW"
"138","658","NO","NOT FOUND","2","YES","ACTIVE","","active","2026-10-05T07:41:31.000Z","2026-10-05T07:41:31.000Z","","DEACTIVATE_USER; LOGIN; LOGIN_FAILED; LOGOUT; RESET_USER_PASSWORD","UNKNOWN - REQUIRES REVIEW"
"139","659","NO","NOT FOUND","2","YES","ACTIVE","","active","2026-10-05T07:41:31.000Z","2026-10-05T07:41:31.000Z","","DEACTIVATE_USER; LOGIN; LOGIN_FAILED; LOGOUT; RESET_USER_PASSWORD","UNKNOWN - REQUIRES REVIEW"
"140","660","NO","NOT FOUND","3","YES","ACTIVE","","returned","2026-10-05T07:41:31.000Z","2026-10-05T07:41:31.000Z","","LOGIN; LOGIN_FAILED; LOGOUT; RESET_USER_PASSWORD","UNKNOWN - REQUIRES REVIEW"
"141","661","NO","NOT FOUND","2","YES","ACTIVE","","active","2026-10-05T07:41:31.000Z","2026-10-05T07:41:31.000Z","","DEACTIVATE_USER; LOGIN; LOGIN_FAILED; LOGOUT; RESET_USER_PASSWORD","UNKNOWN - REQUIRES REVIEW"
"142","662","NO","NOT FOUND","1","YES","ACTIVE","","active","2026-10-05T07:41:31.000Z","2026-10-05T07:41:31.000Z","","FORCE_PASSWORD_CHANGE; LOGIN; LOGIN_FAILED; LOGIN_SUCCESS; LOGOUT; UPDATE_USER","UNKNOWN - REQUIRES REVIEW"
"143","679","NO","NOT FOUND","2","YES","ACTIVE","","active","2026-10-05T07:44:20.000Z","2026-10-05T07:44:20.000Z","","DEACTIVATE_USER; LOGIN; LOGIN_FAILED; LOGOUT; RESET_USER_PASSWORD","UNKNOWN - REQUIRES REVIEW"
"144","680","NO","NOT FOUND","2","YES","ACTIVE","","active","2026-10-05T07:44:20.000Z","2026-10-05T07:44:20.000Z","","DEACTIVATE_USER; LOGIN; LOGIN_FAILED; LOGOUT; RESET_USER_PASSWORD","UNKNOWN - REQUIRES REVIEW"
"145","681","NO","NOT FOUND","3","YES","ACTIVE","","returned","2026-10-05T07:44:20.000Z","2026-10-05T07:44:20.000Z","","LOGIN; LOGIN_FAILED; LOGOUT; RESET_USER_PASSWORD","UNKNOWN - REQUIRES REVIEW"
"146","682","NO","NOT FOUND","2","YES","ACTIVE","","active","2026-10-05T07:44:20.000Z","2026-10-05T07:44:20.000Z","","DEACTIVATE_USER; LOGIN; LOGIN_FAILED; LOGOUT; RESET_USER_PASSWORD","UNKNOWN - REQUIRES REVIEW"
"147","683","NO","NOT FOUND","1","YES","ACTIVE","","active","2026-10-05T07:44:20.000Z","2026-10-05T07:44:20.000Z","","FORCE_PASSWORD_CHANGE; LOGIN; LOGIN_FAILED; LOGIN_SUCCESS; LOGOUT; UPDATE_USER","UNKNOWN - REQUIRES REVIEW"
"148","700","NO","NOT FOUND","2","YES","ACTIVE","","active","2026-10-05T07:49:24.000Z","2026-10-05T07:49:24.000Z","","DEACTIVATE_USER; LOGIN; LOGIN_FAILED; LOGOUT; RESET_USER_PASSWORD","UNKNOWN - REQUIRES REVIEW"
"149","701","NO","NOT FOUND","2","YES","ACTIVE","","active","2026-10-05T07:49:24.000Z","2026-10-05T07:49:24.000Z","","DEACTIVATE_USER; LOGIN; LOGIN_FAILED; LOGOUT; RESET_USER_PASSWORD","UNKNOWN - REQUIRES REVIEW"
"150","702","NO","NOT FOUND","3","YES","ACTIVE","","returned","2026-10-05T07:49:24.000Z","2026-10-05T07:49:24.000Z","","LOGIN; LOGIN_FAILED; LOGOUT; RESET_USER_PASSWORD","UNKNOWN - REQUIRES REVIEW"
"151","703","NO","NOT FOUND","2","YES","ACTIVE","","active","2026-10-05T07:49:24.000Z","2026-10-05T07:49:24.000Z","","DEACTIVATE_USER; LOGIN; LOGIN_FAILED; LOGOUT; RESET_USER_PASSWORD","UNKNOWN - REQUIRES REVIEW"
"152","704","NO","NOT FOUND","1","YES","ACTIVE","","active","2026-10-05T07:49:25.000Z","2026-10-05T07:49:25.000Z","","FORCE_PASSWORD_CHANGE; LOGIN; LOGIN_FAILED; LOGIN_SUCCESS; LOGOUT; UPDATE_USER","UNKNOWN - REQUIRES REVIEW"
"158","816","YES","in-use","10","NO","NOT FOUND","3","active","2026-10-06T06:02:52.000Z","2026-10-06T06:02:52.000Z","","LOCAL_QA_DEPARTMENT_HEAD_PASSWORD_RESET; LOGIN; LOGIN_FAILED; LOGOUT; RESET_USER_PASSWORD; UPDATE_USER","UNKNOWN - REQUIRES REVIEW"
"163","817","YES","in-use","10","NO","NOT FOUND","3","active","2026-10-06T06:02:52.000Z","2026-10-06T06:02:52.000Z","","LOCAL_QA_DEPARTMENT_HEAD_PASSWORD_RESET; LOGIN; LOGIN_FAILED; LOGOUT; RESET_USER_PASSWORD; UPDATE_USER","UNKNOWN - REQUIRES REVIEW"
